work_id,name,aka,type,year_start,year_end,status,materials,scale,key_events,themes,description,confidence,sources
hearth,HEARTH,,wood-fired sculpture,2000,2000,historic,wood,large,Burning Man 2000 (theme: The Body),community; seven ages of man,Giant wood-fired sculpture at the Heart of Burning Man; co-designed/built with Syd Klinge; where Charlie met Brian Doherty,high,sparceland.com/bbb26
synapses-tour,Synapses Tour,Synapsis,community fire-cauldron tour,2005,2005,gifted to communities,steel,12-18 ft cauldrons,Six cities (NYC/Atlanta/Austin/LA/Seattle/SF) then Burning Man 2005 Fire Dream Circle,community-built; gifting; symbol system,Six workshops in six cities over six months with Jaime Ladet; each city built and kept its own fire cauldron; shown at BM 2005 in the Fire Dream Circle around Pepe Ozan's Dreamer (with Flaming Lotus Girls),high,leonardo.info; howhowhow.com/news.html; history.burningman.org afterburn 2005
contraptions,Contraptions,,fire installation,2007,2007,historic,steel/fire,—,Burning Man 2007 (Aug 27-Sep 4),contraptions; namesake of contraptionism,His 2007 BM installation literally titled 'Contraptions' — the direct root of contraptionism.com,high,howhowhow.com/news.html
triple-bypass,Triple Bypass,Quadrapass (related),fire cauldron,2006,2007,toured,steel,—,AfrikaBurn/Cape Town 2007 (Jul 21); Quadrapass NYE 2006,global art; instigating AfrikaBurn,Studio-built over 6 weeks; helped instigate AfrikaBurn; described as the first Burning-Man-represented artifact there,medium,howhowhow.com/news.html; interview 2023
hot-mama,Hot Mama,,fire-cauldron fertility effigy,2006,2015,toured,steel,—,Made 2006; Art Outside/Eyedrum 2007; Love Burn 2015,fertility; fire TV show,Part of the fertility-caldron series with Mr. Nice Guy and the Waking Rooster,medium,howhowhow.com/news.html; journal.burningman.org
mr-nice-guy,Mr. Nice Guy,,fire-cauldron fertility effigy,2007,2015,toured,steel,—,Burning Man 2007; Love Burn 2015,fertility,Companion to Hot Mama in the fertility caldron series,medium,burningman 2007 archive; journal.burningman.org
fleeble-flobbler,The Fleeble Flobbler,,rideable fire cauldron,2008,2023,toured/active,steel,22 ft tall; 8 rider seats,Burning Man 2008; Okeechobee; Suwannee Hulaween Spirit Lake 2023; festivals,inner child; American clown; ride,22-ft rotund clown fire cauldron with eight rider seats on a pivoting base; later a flame-effects machine; recurring at Hulaween Spirit Lake (2023),high,sparceland.com/ride-shift; liveandlisten.com 2023; edm.com 2023
bone-head,Bone Head,,sculpture/flame,2008,2008,shown,steel,—,Dubai Desert Rock Festival 2008 (Mar 7-8),—,Shown at Desert Rock Festival in Dubai,medium,howhowhow.com/news.html
teetering-cusps,Teetering Cusps,,kinetic fire piece,2003,2008,toured,steel,—,Starlight Drive-In 2003; End of the World 2008,teeter/kinetic,Recurring teetering fire piece across regional events,medium,howhowhow.com/news.html
tunnel-of-transformation,Tunnel of Transformation,The Tunnel,touring fire sculpture,2003,2004,toured,steel,—,TOAST/RIPE/FLIPSIDE/SYNORGY/Critical Massive/Fire Arts Fest 2004,transformation; regional touring,Black Rock Arts Foundation grant 2003 (with Michael Moss; 4 of 117 chosen); toured US regional burns 2003-04,high,howhowhow.com/news.html; history.burningman.org JRS v7-40 2003
gantry,The Gantry,,fire sculpture,2003,2024,toured,steel,—,Steamboat Springs decom 2003; 'to the moon' TN 2024,metallic effigy; congregation,Recurring metallic effigy; a 2024 example is used to illustrate Burning Book congregation,medium,howhowhow.com/news.html; sparceland.com/bbb26
ganesha,Ganesha,metal Ganesha / big metal Buddha,fire sculpture/effigy,,,toured,steel,large,Okeechobee 2017,mythic deity; transformation,Large metal elephant-deity (Ganesha) effigy — rare build + detail shots from Okeechobee 2017; named by Charlie/KK in the 2023 interview,medium,Kris Krüg Flickr OMF2017; interview 2023
discombobulator,The Discombobulator,,fire-show piece,2003,2003,historic,steel,—,Austin Halloween fire show 2003,—,Austin Halloween fire show,low,howhowhow.com/news.html
time-star,24/7 A Time Star,Timing Is Everything (BM 2012) / A 24/7 Timestar Lives (BeltLine 2015),interactive sculpture,2012,2018,relocated,steel,seven-sided star ~24 ft tall,Burning Man 2012 honorarium; Atlanta Historic 4th Ward 2015-2018 (debut at BeltLine Lantern Parade),seven; sun; time; teeter,Seven-sided interactive star built by 100+ people; official BM 2012 title 'Timing Is Everything'; 24 ft; 2.5-yr Atlanta install via Art on the BeltLine + BRAF; local 'starfie' landmark,high,sparceland.com/247-time-star; journal.burningman.org 2012; ajc.com 2015
red-hot-cock,Uncle Charlie's Red Hot Cock,The Waking Bird Dog,kinetic fire teeter-totter,2018,2018,active,steel & stainless,12'x30' base; 25-30 ft tall (50 ft per KK),Burning Man 2018 (Honorarium),rooster/jackal; rock the cock; community,Jackal-headed rooster teeter-totter that burns wood; ~40 crew; 2-2.5 cords; KK was quartermaster/documentarian,high,sparceland.com/the-waking-birddog-2018-2; kriskrug.co
solar-scope,The Solar Scope,,mechanical land-art time-keeper,2023,,in progress,copper/brass/glass/stainless/carbon steel,large; on a limestone dome,Private property near Knoxville TN,time; ancient gods; observatory,Tuned mechanical sun/time device set on a 60-degree parallel; built with his cousin (a math artist),medium,interview 2023
burning-book,The Burning Book of Brian,BBB,memorial fire sculpture,2026,2026,planned (independent; NOT an official BM honorarium),steel/stainless + LPG + wood,14-15 ft; 12'x8' base,Burning Man 2026 (one-time burn Wednesday),memorial; pulsing heart; the royal we,Memorial effigy for Brian Doherty with a pulsing LPG heart; community-built; 8-10 collaborating artists; independent/community-funded (not on the 75-project 2026 honoraria list),high,sparceland.com/bbb26; sparceland.com/burning-book-tech; journal.burningman.org 2026
fire-birds,Fire Birds of the Fifth Direction,,community fire-cauldron set,2011,2011,historic,steel/wood-fired,four 12 ft cauldrons,"Burning Man 2011 (Great Circle, around the Man)",mythic birds; congregation; transformation into ONE,"Four 12-ft wood-fired metal bird-creature cauldrons with cut patterns lit by internal fire at night and shadow-casting wings by day; surrounded the Man as congregation areas, transformed into ""ONE"" for a Saturday eruption. Same winged cut-panel design recurs at Okeechobee 2017.",high,gallery.burningman.org (Charlie Smith); GPT research note 2026
big-bully,Big Bully,,interactive fire sculpture,2013,2013,historic,steel/wood-fired,large,Burning Man 2013,mythic beast; log-sacrifice; congregation,"A fire-spewing, winged, human-headed bull; participants lined up to throw logs into its mouth ""as sacrifice."" Confirms the long-mislabeled portfolio image bigbullysm.jpg.",high,history.burningman.org 2013 art installations; GPT research note 2026
infinite-infant,Infinite Infant and the Trail of Toys,,kinetic fire sculpture,2014,2014,historic,steel/wood-fired,large,Burning Man 2014,inner child; mythology-as-system; reused components,"A steel dunce-cap-wearing baby pulling metal play toys and shooting fire from its head, towing three older wheeled fire cauldrons from previous work — Charlie treating past sculptures as living components of a longer mythology.",high,gallery.burningman.org (Charlie Smith); GPT research note 2026
big-charles,Big Charles,,fire sculpture (unconfirmed),,,unconfirmed,steel,,"Burning Man (near Galaxia, 2018?)",mythic-hybrid,"CANDIDATE WORK — surfaced via 4 Burning Man gallery photos titled ""Big Charles"" (several by photographer Shane Evans), one captioned ""Big Charles and Galaxia"". Relationship to other works (or whether a nickname) unconfirmed — verify with Charlie.",low,gallery.burningman.org (Charlie Smith / Shane Evans)
encompassment,Encompassment / Directional Vessels of Fire,,fire-cauldron set (unconfirmed),,,unconfirmed,steel/fire,,Burning Man,directional; vessels of fire; congregation,"CANDIDATE WORK — surfaced via a Burning Man gallery photo ""Encompassment / Directional Vessels of Fire by Charlie..."" Details unconfirmed; likely a directional fire-cauldron grouping in the Synapses lineage — verify with Charlie.",low,gallery.burningman.org (Charlie Smith)
